[{"name":"bar","description":"Put someone barred from the game","type":"CHAT_INPUT","options":[{"name":"roblox-user","description":"Who do you wish to ban from the group?","type":"STRING","autocomplete":true,"required":true,"choices":[],"options":[]},{"name":"reason","description":"If you would like a reason to be supplied in the logs, put it here.","type":"STRING","autocomplete":false,"required":true,"choices":[],"options":[]}],"defaultPermission":true},{"name":"exile","description":"Kick a user from the Hudson Bay Company.","type":"CHAT_INPUT","options":[{"name":"roblox-user","description":"Who do you want to exile?","type":"STRING","autocomplete":true,"required":true,"choices":[],"options":[]},{"name":"reason","description":"If you would like a reason to be supplied in the logs, put it here.","type":"STRING","autocomplete":false,"required":true,"choices":[],"options":[]}],"defaultPermission":true},{"name":"revertranks","description":"Reverts all ranking events within the time of the specified duration.","type":"CHAT_INPUT","options":[{"name":"duration","description":"How much time of ranking events would you like to revert?","type":"STRING","autocomplete":false,"required":true,"choices":[],"options":[]},{"name":"filter","description":"Do you want to filter actions to a specific Roblox user?","type":"STRING","autocomplete":true,"required":false,"choices":[],"options":[]},{"name":"reason","description":"If you would like a reason to be supplied in the logs, put it here.","type":"STRING","autocomplete":false,"required":false,"choices":[],"options":[]}],"defaultPermission":true},{"name":"unbar","description":"Unbar someone from the group","type":"CHAT_INPUT","options":[{"name":"roblox-user","description":"Who do you wish to unban from the group?","type":"STRING","autocomplete":true,"required":true,"choices":[],"options":[]},{"name":"reason","description":"If you would like a reason to be supplied in the logs, put it here.","type":"STRING","autocomplete":false,"required":true,"choices":[],"options":[]}],"defaultPermission":true},{"name":"help","description":"Gets a list of commands to try.","type":"CHAT_INPUT","options":[{"name":"command-name","description":"What command would you like to learn more about, if any?","type":"STRING","autocomplete":false,"required":false,"choices":[],"options":[]}],"defaultPermission":true},{"name":"info","description":"Displays information about a group member, and gives you some quick actions.","type":"CHAT_INPUT","options":[{"name":"roblox-user","description":"Who do you want to view the information of?","type":"STRING","autocomplete":true,"required":false,"choices":[],"options":[]}],"defaultPermission":true},{"name":"roles","description":"Displays a list of roles on the group.","type":"CHAT_INPUT","options":[],"defaultPermission":true},{"name":"signal","description":"If configured, this will store a command and make it available through our API.","type":"CHAT_INPUT","options":[{"name":"signal","description":"What signal/command would you like to run?","type":"STRING","autocomplete":false,"required":false,"choices":[],"options":[]}],"defaultPermission":true},{"name":"demote","description":"Demotes a user in the Roblox group.","type":"CHAT_INPUT","options":[{"name":"roblox-user","description":"Who do you want to demote?","type":"STRING","autocomplete":true,"required":true,"choices":[],"options":[]},{"name":"reason","description":"If you would like a reason to be supplied in the logs, put it here.","type":"STRING","autocomplete":false,"required":false,"choices":[],"options":[]}],"defaultPermission":true},{"name":"discharge","description":"Dishonorable Discharge someone from the Hudson Bay Company","type":"CHAT_INPUT","options":[{"name":"roblox-user","description":"Who do you want to fire?","type":"STRING","autocomplete":true,"required":true,"choices":[],"options":[]},{"name":"reason","description":"If you would like a reason to be supplied in the logs, put it here.","type":"STRING","autocomplete":false,"required":true,"choices":[],"options":[]}],"defaultPermission":true},{"name":"promote","description":"Promotes a user in the Roblox group.","type":"CHAT_INPUT","options":[{"name":"roblox-user","description":"Who do you want to promote?","type":"STRING","autocomplete":true,"required":true,"choices":[],"options":[]},{"name":"reason","description":"If you would like a reason to be supplied in the logs, put it here.","type":"STRING","autocomplete":false,"required":false,"choices":[],"options":[]}],"defaultPermission":true},{"name":"setrank","description":"Changes the rank of a user in the Roblox group.","type":"CHAT_INPUT","options":[{"name":"roblox-user","description":"Whose rank would you like to change?","type":"STRING","autocomplete":true,"required":true,"choices":[],"options":[]},{"name":"roblox-role","description":"What role would you like to change them to?","type":"STRING","autocomplete":true,"required":true,"choices":[],"options":[]},{"name":"reason","description":"If you would like a reason to be supplied in the logs, put it here.","type":"STRING","autocomplete":false,"required":false,"choices":[],"options":[]}],"defaultPermission":true},{"name":"shout","description":"Posts a shout on the Roblox group.","type":"CHAT_INPUT","options":[{"name":"content","description":"What should the content of the shout be? If none, the shout will be cleared.","type":"STRING","autocomplete":true,"required":false,"choices":[],"options":[]},{"name":"reason","description":"If you would like a reason to be supplied in the logs, put it here.","type":"STRING","autocomplete":false,"required":false,"choices":[],"options":[]}],"defaultPermission":true},{"name":"addxp","description":"Adds XP to a user.","type":"CHAT_INPUT","options":[{"name":"roblox-user","description":"Who do you want to add XP to?","type":"STRING","autocomplete":true,"required":true,"choices":[],"options":[]},{"name":"increment","description":"How much XP would you like to add?","type":"INTEGER","autocomplete":false,"required":true,"choices":[],"options":[]},{"name":"reason","description":"If you would like a reason to be supplied in the logs, put it here.","type":"STRING","autocomplete":false,"required":false,"choices":[],"options":[]}],"defaultPermission":true},{"name":"removexp","description":"Removes XP from a user.","type":"CHAT_INPUT","options":[{"name":"roblox-user","description":"Who do you want to remove XP from?","type":"STRING","autocomplete":true,"required":true,"choices":[],"options":[]},{"name":"decrement","description":"How much XP would you like to remove?","type":"INTEGER","autocomplete":false,"required":true,"choices":[],"options":[]},{"name":"reason","description":"If you would like a reason to be supplied in the logs, put it here.","type":"STRING","autocomplete":false,"required":false,"choices":[],"options":[]}],"defaultPermission":true},{"name":"xprankup","description":"Ranks a user up based on their XP.","type":"CHAT_INPUT","options":[{"name":"roblox-user","description":"Who do you want to attempt to rankup? This defaults to yourself.","type":"STRING","autocomplete":true,"required":false,"choices":[],"options":[]}],"defaultPermission":true}]